{
    "RMSE": 8.717114771671778,
    "R2_Score": 0.8934246819625943,
    "Sample_Predictions": [
        50.73075866699219,
        20.209672927856445,
        67.27155303955078,
        13.899301528930664,
        6.971999168395996,
        13.661924362182617,
        51.838016510009766,
        25.850980758666992,
        26.261329650878906,
        16.85679817199707
    ]
}