{
    "RMSE": 8.796781702797976,
    "R2_Score": 0.8914677669031746,
    "Sample_Predictions": [
        49.379859924316406,
        16.59181022644043,
        63.130165100097656,
        12.786252975463867,
        9.173462867736816,
        13.247669219970703,
        49.20356750488281,
        22.679466247558594,
        25.212217330932617,
        16.258018493652344
    ]
}